code,group,probe,numeric_id
VZ,Communications - Telecom Carriers & Spectrum,VZ,
CMCSA,"Communications - Cable, Fiber & Business Connectivity",CMCSA,
GOOG,"Communications - Internet, Social & Audience Platforms",GOOG,
OMC,"Communications - Advertising Agencies, Lead Generation & Print",OMC,
APP,Communications - Advertising Technology,APP,
NFLX,"Communications - Film, Television & Streaming Video",NFLX,
NTES,Communications - Video Games & Development Platforms,NTES,
SPOT,Communications - Music & Audio Platforms,SPOT,
NWS,"Communications - Publishing, Digital Media & Broadcasting",NWS,
LYV,"Communications - Live Sports, Events & Ticketing",LYV,
MSFT,Technology - Cloud & Enterprise Infrastructure,MSFT,
NBIS,Technology - AI Cloud & GPU Services,NBIS,
HUT,Technology - Data-Center Development & HPC Hosting,HUT,
PLTR,Technology - Enterprise AI Applications,PLTR,
PANW,Technology - Cybersecurity,PANW,
OKTA,Technology - Identity & Fraud Prevention,OKTA,
DDOG,"Technology - DevOps, IT Management & Observability",DDOG,
SNOW,Technology - Data Platforms & Analytics,SNOW,
DBX,"Technology - Backup, Content & Information Management",DBX,
NOW,Technology - Workflow & Work Management,NOW,
TWLO,"Technology - Voice, Video & Contact Centers",TWLO,
CRM,Technology - Customer Engagement & Marketing Software,CRM,
ADP,Technology - Payroll & Human Capital Software,ADP,
INTU,"Technology - Accounting, Tax & Reporting",INTU,
SHOP,Technology - Commerce & Hospitality Software,SHOP,
ADSK,Technology - Construction & Property Software,ADSK,
ROP,"Technology - Industrial Data, Navigation & Supply-Chain Software",ROP,
TRI,"Technology - Legal, Public-Sector & Professional Software",TRI,
ADBE,"Technology - Creative, Web & Media Tools",ADBE,
ACN,Technology - IT Consulting & Managed Services,ACN,
SNX,Technology - IT Distribution & Solutions,SNX,
CSCO,Technology - Network Infrastructure & Application Delivery,CSCO,
DELL,Technology - Servers & Enterprise Computing,DELL,
MU,Technology - Memory & Data Storage,MU,
AAPL,Technology - Personal Computing & Consumer Electronics,AAPL,
ZBRA,"Technology - Transaction, Identification & Display Hardware",ZBRA,
LIF,Technology - Connected Home & Personal Safety,LIF,
FLEX,Technology - Electronics Manufacturing Services,FLEX,
APH,"Technology - Connectors, PCBs & Passive Components",APH,
ST,Technology - Sensors & Electronic Components,ST,
VRT,Technology - Power Delivery & Data-Center Cooling,VRT,
TXN,"Technology - Analog, Mixed-Signal & Embedded Chips",TXN,
MPWR,Technology - Power Semiconductors,MPWR,
AVGO,Technology - AI Networking & Interconnect Chips,AVGO,
NVDA,"Technology - Compute, Programmable Logic & Foundries",NVDA,
QCOM,"Technology - RF, Connectivity & Edge Chips",QCOM,
ARM,Technology - Semiconductor Design Software & IP,ARM,
LRCX,Technology - Wafer Equipment & Process Control,LRCX,
TER,"Technology - Assembly, Packaging & Test",TER,
Q,Technology - Semiconductor & Electronic Materials,Q,
GLW,Technology - Optical Communications & Photonic Interconnects,GLW,
NOVT,"Technology - Lasers, Infrared & Display Optics",NOVT,
IONQ,Technology - Quantum Computing,IONQ,
GE,"Industrials - Aerospace Platforms, Engines & Avionics",GE,
HWM,Industrials - Aerospace Components & Aftermarket,HWM,
RTX,"Industrials - Defense Platforms, Electronics & Weapons",RTX,
KTOS,Industrials - Drones & Autonomous Defense,KTOS,
JOBY,Industrials - Advanced Air Mobility,JOBY,
LDOS,"Industrials - Defense IT, Intelligence & Government Services",LDOS,
SPCX,Industrials - Space & Satellites,SPCX,
MSI,Industrials - Public Safety & Security Technology,MSI,
MSA,"Industrials - Security, Corrections & Protection Services",MSA,
PH,Industrials - Diversified Industrial Technology,PH,
EMR,Industrials - Factory & Process Automation,EMR,
KEYS,"Industrials - Measurement, Testing & Instrumentation",KEYS,
GEV,Industrials - Electrical Grid & Power Equipment,GEV,
TT,"Industrials - HVAC, Building Controls & Climate",TT,
OTIS,Industrials - Building Fixtures & Components,OTIS,
FERG,Industrials - Construction Materials Distribution,FERG,
GWW,Industrials - Industrial Distribution,GWW,
PWR,Industrials - Infrastructure & Utility Construction,PWR,
FIX,Industrials - Building Installation & Specialty Contracting,FIX,
J,Industrials - Engineering & Environmental Consulting,J,
CAT,Industrials - Heavy Equipment & Specialty Vehicles,CAT,
CMI,Industrials - Commercial Vehicles & Powertrains,CMI,
DE,Industrials - Agricultural & Grounds Equipment,DE,
IR,"Industrials - Flow, Motion & Process Equipment",IR,
XYL,Industrials - Water Infrastructure & Treatment Equipment,XYL,
SNA,"Industrials - Metalworking, Bearings & Industrial Tools",SNA,
JBTM,Industrials - Food & Specialty Process Machinery,JBTM,
XMTR,Industrials - Digital Manufacturing & 3D Printing,XMTR,
URI,Industrials - Equipment & Vehicle Rental,URI,
WM,Industrials - Waste Collection & Environmental Services,WM,
DCI,"Industrials - Filtration, Pollution Control & Engineered Products",DCI,
CTAS,"Industrials - Facility, Uniform & Food Services",CTAS,
ULS,"Industrials - Professional Consulting, Research & Testing",ULS,
BZ,"Industrials - Staffing, Recruitment & PEO Services",BZ,
UNP,Industrials - Freight Rail & Rolling Stock,UNP,
UPS,"Industrials - Parcel, Freight Forwarding & Contract Logistics",UPS,
ODFL,Industrials - Trucking & Ground Freight,ODFL,
FRO,Industrials - Tankers & Petroleum Shipping,FRO,
KEX,"Industrials - Dry Bulk, Containers & Diversified Shipping",KEX,
GLNG,Industrials - Gas Shipping & Floating LNG,GLNG,
DAL,"Industrials - Airlines, Airports & Transport Infrastructure",DAL,
JPM,Financials - Diversified US Banks,JPM,
RY,Financials - Canadian & International Banks,RY,
NU,Financials - Digital Banks & Consumer-Lending Platforms,NU,
AXP,"Financials - Consumer Credit, Specialty Lending & Recovery",AXP,
BNY,Financials - Custody & Asset Servicing,BNY,
BLK,Financials - Traditional Asset Managers,BLK,
BX,Financials - Alternative Asset Managers,BX,
ARCC,Financials - BDCs & Direct Lending,ARCC,
BRK.A,Financials - Holding Companies & Principal Investments,BRK.A,
MS,Financials - Investment Banks & Institutional Brokers,MS,
SCHW,Financials - Retail Brokers & Wealth Platforms,SCHW,
CME,Financials - Exchanges & Trading Infrastructure,CME,
SPGI,"Financials - Financial Data, Ratings & Decision Analytics",SPGI,
FIS,"Financials - Banking, Insurance & Investment Software",FIS,
V,Financials - Payments & Merchant Infrastructure,V,
COIN,"Financials - Crypto Exchanges, Custody & Tokenization",COIN,
MSTR,Financials - Crypto Treasury & Investment Exposure,MSTR,
RIOT,Financials - Bitcoin Mining,RIOT,
MFC,Financials - Life Insurance & Retirement,MFC,
RGA,Financials - Reinsurance & Insurance Capital,RGA,
CB,Financials - Property & Casualty Insurance - Diversified,CB,
KNSL,Financials - Property & Casualty Insurance - Specialty,KNSL,
LMND,Financials - Digital Insurance & Distribution,LMND,
MRSH,Financials - Insurance Brokers & Claims Services,MRSH,
FNF,Financials - Mortgage & Title Insurance,FNF,
RKT,Financials - Mortgage Origination & Real-Estate Finance,RKT,
NLY,Financials - Mortgage REITs & Property Credit,NLY,
FITB,Financials - Regional & Community Banks: Size Tier 1,FITB,
ABCB,Financials - Regional & Community Banks: Size Tier 2,ABCB,
FHB,Financials - Regional & Community Banks: Size Tier 3,FHB,
HOPE,Financials - Regional & Community Banks: Size Tier 4,HOPE,
BFST,Financials - Regional & Community Banks: Size Tier 5,BFST,
AER,Financials - Asset & Infrastructure Finance,AER,
TSLA,Consumer Discretionary - Passenger Vehicles & EV Manufacturers,TSLA,
MGA,Consumer Discretionary - Auto Components & Drivetrain,MGA,
AUR,Consumer Discretionary - Autonomy & LiDAR,AUR,
CVNA,Consumer Discretionary - Auto Dealers & Vehicle Marketplaces,CVNA,
ORLY,Consumer Discretionary - Auto Aftermarket & Services,ORLY,
UBER,"Consumer Discretionary - Mobility, Delivery & Local Commerce",UBER,
AMZN,Consumer Discretionary - E-Commerce Marketplaces,AMZN,
TPR,Consumer Discretionary - Apparel Brands & Accessories,TPR,
NKE,Consumer Discretionary - Footwear Brands,NKE,
TJX,Consumer Discretionary - Apparel & Off-Price Retail,TJX,
TGT,Consumer Discretionary - General Merchandise & Department Stores,TGT,
ULTA,Consumer Discretionary - Specialty Retail & Consumer Categories,ULTA,
HD,Consumer Discretionary - Home Improvement & Furnishings Retail,HD,
SN,"Consumer Discretionary - Home, Office & Household Durables",SN,
DHI,Consumer Discretionary - Homebuilders & Manufactured Housing,DHI,
SCI,Consumer Discretionary - Home & Personal Services,SCI,
EDU,Consumer Discretionary - Education & Workforce Training,EDU,
MCD,Consumer Discretionary - Restaurants - Quick Service & Coffee,MCD,
CMG,Consumer Discretionary - Restaurants - Casual & Fast Casual,CMG,
MAR,"Consumer Discretionary - Hotels, Resorts & Vacation Ownership",MAR,
BKNG,Consumer Discretionary - Travel Booking & Corporate Travel,BKNG,
RCL,Consumer Discretionary - Cruise Lines,RCL,
LVS,Consumer Discretionary - Casinos & Gaming Operators,LVS,
FLUT,Consumer Discretionary - Online Betting & Gaming Technology,FLUT,
MTN,"Consumer Discretionary - Cinemas, Parks & Attractions",MTN,
HAS,"Consumer Discretionary - Sporting Goods, Toys & Leisure Products",HAS,
BC,"Consumer Discretionary - Boats, RVs & Powersports",BC,
WMT,"Consumer Staples - Grocery, Warehouse & Convenience Retail",WMT,
SYY,Consumer Staples - Food Distribution & Agricultural Merchandising,SYY,
ADM,Consumer Staples - Agricultural Merchandising & Renewable Feedstocks,ADM,
TSN,"Consumer Staples - Protein, Produce & Farm Products",TSN,
MDLZ,"Consumer Staples - Packaged Foods, Snacks & Pet Food",MDLZ,
IFF,"Consumer Staples - Nutrition, Ingredients & Supplements",IFF,
KO,Consumer Staples - Nonalcoholic Beverages,KO,
PM,"Consumer Staples - Alcohol, Tobacco & Cannabis",PM,
PG,"Consumer Staples - Beauty, Personal & Consumer Health",PG,
CHD,"Consumer Staples - Home Care, Garden & Household Consumables",CHD,
VEEV,"Healthcare - Clinical, Practice & Life-Science Software",VEEV,
HNGE,Healthcare - Digital Care & Prescription Access,HNGE,
HQY,Healthcare - Benefits & Value-Based Care,HQY,
UNH,Healthcare - Managed Care & Health Plans,UNH,
HCA,Healthcare - Hospitals & Surgical Facilities,HCA,
EHC,"Healthcare - Post-Acute, Senior & Home Care",EHC,
DVA,"Healthcare - Outpatient, Specialty & Emergency Care",DVA,
CVS,"Healthcare - Pharmacy, Infusion & Medical Distribution",CVS,
LH,Healthcare - Diagnostic Labs & Imaging,LH,
NTRA,Healthcare - Precision Diagnostics & Genomic Testing,NTRA,
TMO,Healthcare - Life-Science Tools & Bioprocessing,TMO,
IQV,Healthcare - Clinical Research & Development Services,IQV,
ABCL,Healthcare - Computational & Antibody Discovery Platforms,ABCL,
IDXX,Healthcare - Animal Health,IDXX,
LLY,Healthcare - Diversified Biopharma,LLY,
VTRS,"Healthcare - Specialty Pharma, Generics & Gastrointestinal",VTRS,
RPRX,Healthcare - Drug Royalties & Licensing,RPRX,
RMD,"Healthcare - Diabetes, Sleep & Patient Monitoring",RMD,
BSX,Healthcare - Cardiovascular & Critical-Care Devices,BSX,
SYK,"Healthcare - Orthopedics, Spine & Regenerative Devices",SYK,
ALC,Healthcare - Eye Care & Dental Devices,ALC,
ISRG,"Healthcare - Surgery, Robotics & Treatment Systems",ISRG,
ABT,"Healthcare - Medical Supplies, Components & Sterilization",ABT,
GEHC,"Healthcare - Diagnostic, Imaging & Cancer Devices",GEHC,
ALNY,"Healthcare - RNA, Gene Editing & Genetic Medicines",ALNY,
ASND,"Healthcare - Metabolic, Obesity & Endocrine Medicines",ASND,
INSM,Healthcare - Cardiorenal & Pulmonary Medicines,INSM,
BBIO,Healthcare - Rare Disease & Hematology Medicines,BBIO,
NBIX,Healthcare - Neuroscience: Neurology & Epilepsy,NBIX,
AXSM,"Healthcare - Neuroscience: Psychiatry, Pain & Addiction",AXSM,
BLTE,"Healthcare - Dermatology, Eye & Allergy Medicines",BLTE,
ROIV,Healthcare - Immunology & Inflammatory Medicines,ROIV,
LEGN,Healthcare - Immune Cell Therapies,LEGN,
MRNA,Healthcare - Vaccines & Anti-Infective Medicines,MRNA,
RVMD,Healthcare - Oncology: Targeted Medicines,RVMD,
SMMT,"Healthcare - Oncology: Immunotherapy, Biologics & Platforms",SMMT,
NEE,Utilities - Regulated Electric & Multi-Utilities: Larger,NEE,
PPL,Utilities - Regulated Electric & Multi-Utilities: Mid & Smaller,PPL,
ATO,Utilities - Gas Utilities,ATO,
AWK,Utilities - Water Utilities,AWK,
CEG,Utilities - Merchant Power & Generation,CEG,
BIP,Utilities - Renewable Power & Infrastructure,BIP,
XOM,Energy - Integrated Oil & Canadian Producers,XOM,
COP,Energy - Oil-Weighted Exploration & Production,COP,
EQT,Energy - Gas-Weighted Exploration & Production,EQT,
BTE,Energy - Smaller Oil & Diversified Producers,BTE,
TPL,Energy - Energy Royalties & Land,TPL,
ENB,Energy - Pipelines & Midstream,ENB,
LNG,Energy - LNG Export & Infrastructure,LNG,
MPC,"Energy - Refining, Fuel Distribution & Retail",MPC,
SLB,Energy - Oilfield Services & Equipment,SLB,
OII,Energy - Offshore Services & Marine Support,OII,
NE,Energy - Contract Drilling,NE,
HCC,Energy - Coal & Metallurgical Carbon,HCC,
FSLR,Energy - Solar Equipment & Distributed Energy,FSLR,
QS,Energy - Batteries & Energy Storage,QS,
BE,Energy - Hydrogen & Fuel Cells,BE,
INIO,Energy - Distributed Power & Engines,INIO,
BWXT,Energy - Nuclear Reactors & Services,BWXT,
CCJ,"Energy - Uranium, Enrichment & Isotopes",CCJ,
CTVA,"Materials - Fertilizers, Crop Inputs & Seeds",CTVA,
ALB,Materials - Lithium & Battery Materials,ALB,
MP,Materials - Rare Earths & Strategic Minerals,MP,
SCCO,Materials - Copper & Base Metals,SCCO,
AA,Materials - Aluminum & Rolled Products,AA,
NUE,Materials - Steel & Metal Service Centers,NUE,
NEM,Materials - Gold Producers & Developers,NEM,
PAAS,Materials - Silver & Precious-Metal Miners,PAAS,
WPM,Materials - Precious-Metal Royalties & Trading,WPM,
CRH,"Materials - Cement, Aggregates & Building Materials",CRH,
WFG,"Materials - Wood, Pulp & Paper Products",WFG,
SW,Materials - Packaging & Containers,SW,
SHW,"Materials - Coatings, Adhesives & Sealants",SHW,
LIN,Materials - Commodity Chemicals & Industrial Gases,LIN,
ECL,Materials - Specialty Chemicals & Engineered Materials,ECL,
MLI,Materials - Engineered Metal Building Products,MLI,
EQIX,Real Estate - Data Centers & Information Storage,EQIX,
AMT,Real Estate - Towers & Telecom Sites,AMT,
PLD,Real Estate - Industrial & Logistics Property,PLD,
WELL,Real Estate - Healthcare & Senior-Housing Property,WELL,
VMRK,Real Estate - Apartments & Residential Communities,VMRK,
INVH,Real Estate - Single-Family & Manufactured Communities,INVH,
SPG,Real Estate - Retail Centers & Malls,SPG,
O,Real Estate - Net-Lease & Diversified Property,O,
BXP,Real Estate - Office & Government Property,BXP,
VICI,"Real Estate - Hotel, Gaming & Leisure Property",VICI,
PSA,Real Estate - Self-Storage,PSA,
CBRE,"Real Estate - Property Services, Brokerage & Platforms",CBRE,
WY,"Real Estate - Land, Timber & Real-Estate Development",WY,
